product_id,product_name,category,description,price,stock_quantity,supplier,created_date
1,Centralized explicit collaboration,Electronics,Issue economic resource tend case economic bar. Behavior wife girl want against future hear.,321.52,759,Nolan-Jenkins,2023-06-09
2,Enterprise-wide mobile secured line,Clothing,Affect conference pattern investment whatever soon democratic. Start and walk according low rule score.,141.14,142,Campbell Inc,2024-04-18
3,De-engineered leadingedge forecast,Books,Conference interesting goal task. Develop I toward whose.,369.55,89,Berger-Bruce,2024-06-16
4,Optional neutral matrix,Electronics,"Often five whatever significant will bar.
Support law read dark. Will half somebody off. Set try admit ten evening.",297.29,30,Foster LLC,2023-11-17
5,User-friendly multi-tasking toolset,Clothing,Up former book agency result fight task present. Follow fight mean single. Anyone determine expect simple.,51.38,517,Wilson-Wise,2023-07-24
6,Focused local knowledge user,Books,Benefit leg stock section.,303.0,203,"Wallace, Johnson and Munoz",2024-01-19
7,User-centric disintermediate solution,Books,Region soon fast yeah great chance. Number use happy again marriage wait. Ten according end conference activity Mrs.,359.43,429,"Wilson, Fritz and Mercado",2024-09-04
8,Face-to-face intermediate ability,Books,Ground interesting section these reveal indeed list.,114.12,284,Mejia Inc,2024-04-20
9,Exclusive analyzing standardization,Electronics,International official chance special born. Notice while offer decision. Question defense baby share long.,405.67,777,Rowe-Blanchard,2023-07-16
10,Polarized motivating capability,Sports,Next idea take operation. Second business discuss wind song.,403.88,348,Hardy-Norman,2024-03-12
11,Configurable logistical framework,Clothing,Trip protect deep political. Glass me receive attention form.,142.55,980,Gonzalez-Ray,2023-11-13
12,Public-key homogeneous utilization,Electronics,Southern Mr foot. Of evening similar often trouble entire. Art response administration certainly.,382.93,94,Rice PLC,2024-11-20
13,Sharable asynchronous attitude,Home & Garden,Respond also country leader how poor. Experience usually reach his few wait.,193.06,867,Hill Group,2023-02-18
14,Secured global firmware,Home & Garden,Result anything anything. Unit moment world anything official. Board couple card employee several be.,175.26,826,"Dennis, Solomon and Nelson",2023-05-29
15,Extended systematic customer loyalty,Sports,Growth sound cell future wait son. Forget issue service floor. Keep partner project risk.,26.51,549,Valenzuela-Perkins,2024-03-26
16,Decentralized executive concept,Sports,Child town stock star air late. Charge people media. Reduce job woman message minute.,66.79,80,Ball PLC,2024-05-23
17,Assimilated bandwidth-monitored attitude,Books,Military third design grow. Should thought dog consumer economy resource actually.,278.26,906,Pineda LLC,2023-05-04
18,Front-line national interface,Books,Spend listen ahead. People rule prepare play. Seem management relationship tonight remain travel few will.,431.54,196,Roberts-Brown,2024-08-01
19,Synchronized national parallelism,Electronics,Concern your its rich send require ok five. Detail price source college.,353.76,677,"Richardson, Young and Hoover",2024-07-17
20,Optimized systemic paradigm,Home & Garden,"Score partner go. Ok decade read body.
Others marriage garden. With southern investment I green.",117.81,81,"Rodriguez, Black and Alexander",2024-11-19
21,Progressive regional projection,Electronics,"You mean class. Approach it short sit ok.
Ago sport mouth. Song during individual natural head begin also.",428.38,389,"Miller, Williams and Holmes",2023-11-25
22,Cloned interactive productivity,Home & Garden,Mouth political place contain ask nothing off. Decide campaign again. Popular professor eight right fill.,142.6,166,Rogers LLC,2024-08-01
23,Persevering object-oriented framework,Clothing,Result service your. Quickly others ground sense.,188.24,686,Anderson and Sons,2024-04-16
24,Public-key attitude-oriented monitoring,Electronics,Pass poor son among media. Although guess only five school. Upon speak be say lead right.,137.15,623,Hicks-Harvey,2024-03-17
25,Customer-focused zero administration moratorium,Books,Product result almost too still. Course dog consumer ball nor edge wall direction. Suggest to across with school white.,319.31,746,Blake-Hull,2024-07-04
26,Reverse-engineered systematic installation,Sports,Recognize me moment will onto theory popular. Window sometimes several all. Lay cause program.,126.18,388,Richardson-Vasquez,2024-06-22
27,Advanced even-keeled attitude,Books,Necessary impact bank industry week.,138.62,224,Moore Group,2024-08-26
28,Business-focused system-worthy forecast,Electronics,Skill ahead each final heavy. Significant not party lot throughout over.,343.88,234,Campbell Inc,2023-08-08
29,Progressive bottom-line benchmark,Home & Garden,Behavior international within each. Base enough ground her he.,411.79,410,Compton Ltd,2023-09-14
30,Expanded homogeneous challenge,Clothing,Themselves public day authority. Election PM box structure too policy. Here major easy.,137.53,935,"Duran, Duncan and Carr",2023-07-29
31,User-centric client-server installation,Home & Garden,Every still fire just similar there movement. Husband camera political hard.,471.74,217,Liu-Jackson,2024-02-07
32,Assimilated global algorithm,Sports,Interview southern any across nothing.,329.44,905,Blackwell LLC,2023-01-19
33,Persistent cohesive hierarchy,Sports,Room owner analysis sense art street. Take sport center place education all nor however.,457.7,146,"Good, Waters and Phillips",2024-06-07
34,Sharable radical migration,Clothing,Way visit least of choice. Interview skill material travel now. From sometimes page security great.,136.12,762,Murray LLC,2024-07-05
35,Assimilated zero administration secured line,Home & Garden,Everything type from. Between clear help measure whatever who.,282.88,764,Weber LLC,2024-06-27
36,Fundamental didactic system engine,Books,Cover skin resource mind democratic industry second. Bag when build activity.,294.37,408,Alvarez-Rodriguez,2023-01-21
37,Multi-channeled contextually-based ability,Clothing,"Prove young paper stop recent moment include. A arrive character.
Pretty local the want building once sell.",184.19,521,"Griffith, Shah and Wilson",2023-10-08
38,Organized regional algorithm,Electronics,Cultural standard nearly Mrs. Tell though executive attack from college.,249.29,881,Matthews PLC,2024-08-07
39,Cross-platform exuding groupware,Clothing,"Peace training compare easy include.
Campaign concern investment fund music by. Always soldier try prepare.",59.28,811,Simmons Ltd,2024-08-07
40,Multi-tiered local extranet,Books,New quickly public reason nor save.,341.84,65,Reynolds LLC,2023-10-04
41,Synergistic static policy,Books,Unit else east view. Address key fall lot operation home attention. Study health skill condition it recently operation.,195.46,479,Wilson-Diaz,2024-11-23
42,Polarized contextually-based archive,Books,Above need game process television. Skin boy doctor relationship consider simply.,266.91,881,Underwood Group,2023-09-20
43,Streamlined content-based capacity,Electronics,Hold join produce PM summer. Draw treat learn cost bag group.,471.5,698,Barnes Ltd,2023-07-20
44,Synergized object-oriented conglomeration,Home & Garden,Carry research office one. Today stage city finish size add recognize.,442.97,787,Rodriguez-Sampson,2024-05-19
45,Total homogeneous info-mediaries,Electronics,Firm nature study officer throughout.,322.28,300,Willis LLC,2023-09-13
46,Inverse contextually-based archive,Sports,Artist of Mr manager care next. You life federal every coach issue reach. Gun American three color step level quickly.,220.21,3,Hoover Inc,2023-03-26
47,Customizable multimedia firmware,Home & Garden,"Government maybe food mission floor card.
Child hotel gas everybody include leader. Get religious model fish visit.",477.14,995,Blackburn-Hughes,2023-02-05
48,Team-oriented bottom-line policy,Clothing,Parent around skill per. Student could western lawyer. Trip buy team half.,252.79,519,Chen and Sons,2024-04-12
49,Extended systematic help-desk,Home & Garden,"Choose country capital campaign drive Mrs west.
Approach manager finish talk series.",456.75,861,Mclaughlin and Sons,2023-05-23
50,Profound actuating paradigm,Books,Live different fly newspaper blood life. Conference hope into fund. Oil sometimes officer thank parent.,321.28,203,"Compton, Schneider and Rivera",2023-05-21
51,Horizontal local leverage,Clothing,Relate strategy attorney capital ten. Determine try read.,80.66,552,Fisher Ltd,2023-05-26
52,Enhanced 5thgeneration strategy,Books,Our animal response street couple economy. Hot face decision civil sing. Open education choose set type account.,476.98,940,Guzman and Sons,2023-05-27
53,Quality-focused web-enabled hub,Home & Garden,Add onto tonight. Deep wish garden room interest whatever.,5.28,500,Cook Ltd,2023-11-16
54,User-centric dedicated groupware,Home & Garden,Fine daughter win series stage method board. How push grow stage guess oil force.,14.64,899,Nguyen Ltd,2023-07-26
55,Mandatory heuristic matrices,Home & Garden,Parent hard beautiful writer. Nothing today news agent source.,492.73,245,"Moore, Fleming and Kelly",2024-07-20
56,Ameliorated multi-tasking Graphic Interface,Books,Congress skin interview number society help not sure. Southern sing force same city. Place fight still include music.,33.67,969,Todd-Francis,2024-06-24
57,Programmable methodical pricing structure,Sports,Will page world threat senior. Growth minute interview religious indicate beautiful project event.,43.98,835,"Roman, Davis and Nunez",2023-05-03
58,Diverse 4thgeneration archive,Books,Contain business organization. Low alone both performance page today. Best significant magazine floor tough.,39.26,784,"Cuevas, Goodman and Bean",2023-10-20
59,Mandatory didactic system engine,Sports,Sure morning either despite tell. Box tree fine responsibility fight peace box.,67.25,969,Jackson Group,2024-06-01
60,Synergized 24/7 algorithm,Home & Garden,See base land book.,277.15,540,Webb LLC,2023-06-12
61,Stand-alone 3rdgeneration forecast,Sports,Social back miss single art garden.,436.85,987,"Hall, Murphy and Huang",2023-03-07
62,Proactive cohesive intranet,Books,Political word drug rise nature north brother. Traditional candidate guess bed citizen step eight.,109.84,773,Pham-Ball,2023-12-24
63,Business-focused static infrastructure,Clothing,Goal speech key itself member if crime. Clear western soldier stop.,366.32,730,Anderson-Cunningham,2024-07-27
64,Assimilated bandwidth-monitored matrices,Home & Garden,"Check behind instead former use low way.
This program new edge.",159.3,448,Fletcher-Porter,2023-12-23
65,Down-sized regional portal,Sports,Pick fund line range administration. Air spring drug me program.,450.31,123,"Tran, Stanley and Sullivan",2024-09-04
66,Distributed methodical encryption,Electronics,Store tax time voice piece. System in create establish. Bring reality card hear.,127.71,346,Diaz Inc,2023-08-09
67,Grass-roots encompassing hierarchy,Books,Science this wall data. Value base black fund threat. Fall nothing long eye she.,15.41,235,May-Thompson,2023-07-15
68,Switchable human-resource forecast,Electronics,Other may kind education rock follow prepare perform. Think hear population speech growth take article.,296.28,72,Green Ltd,2023-06-02
69,Compatible 4thgeneration success,Electronics,Cell identify feel wear. Movement quite without vote final seat write. Tv place actually inside.,355.38,234,Taylor and Sons,2023-03-05
70,Operative 6thgeneration ability,Electronics,Cost work close. Must smile while memory dinner card understand art.,38.36,880,Ramirez LLC,2023-04-16
71,Function-based hybrid access,Books,Argue door win its agent card green. Plan people white international address pay deep.,168.56,243,Walter and Sons,2024-10-25
72,Grass-roots grid-enabled paradigm,Sports,Maybe work paper doctor. Health from song political like law.,142.85,219,Christian Group,2024-04-02
73,Versatile scalable conglomeration,Books,Student myself attorney year put. That heart easy claim expect audience capital its. Against arrive government against.,271.92,590,Hopkins Ltd,2024-01-30
74,Balanced executive benchmark,Sports,Development treat music room. All drive indeed right.,238.97,826,"Harris, Edwards and Harris",2024-09-30
75,Business-focused national process improvement,Electronics,"Reality country watch bank half. Find pressure fire section.
Age heavy admit catch somebody add key.",206.49,99,Navarro LLC,2024-05-28
76,Devolved logistical standardization,Home & Garden,Recently arm reality program left too allow. Drop red interest pull black best professional.,331.2,433,Freeman LLC,2024-05-18
77,Enhanced transitional middleware,Electronics,Set senior majority tonight. Turn where quite institution this minute.,208.5,689,King-Fowler,2023-09-23
78,Re-contextualized holistic functionalities,Electronics,Bring trade despite only indeed could. End he avoid chance.,328.46,62,Brown and Sons,2024-01-20
79,Self-enabling actuating firmware,Home & Garden,"Number store consumer seven sport rule. Economy dog wait care example only.
Maintain data blue paper.",204.3,819,Miranda PLC,2023-08-29
80,Cloned 24hour website,Clothing,Study report describe. Light adult sell final.,431.53,196,Vincent-Chambers,2024-07-13
81,Reduced full-range middleware,Sports,Product no customer power. Report behind us maybe. Level somebody air vote.,99.15,143,"Ramirez, Kaiser and Wall",2024-01-17
82,Multi-lateral didactic hardware,Home & Garden,Produce choice economy gas. Well form later better place answer south.,213.83,473,"Munoz, Mason and Moore",2024-07-15
83,Right-sized motivating encoding,Electronics,Pretty prevent remain nor sport threat whatever. Figure task oil fast provide seat eight.,128.65,453,"Curtis, Figueroa and Gallagher",2024-08-10
84,Reverse-engineered web-enabled core,Books,Type often expect. Pm air him no. Provide important relationship manage among very.,404.97,100,Smith PLC,2024-04-24
85,Optimized hybrid matrices,Books,Kitchen want current kitchen far. Me would heart inside a. Often recent girl process.,30.04,856,"Guerrero, Fischer and Holmes",2024-01-26
86,Optimized national capability,Electronics,Form wonder carry operation. Institution think campaign evening.,12.31,948,"Hall, Parker and Crawford",2023-07-09
87,Open-architected web-enabled orchestration,Clothing,Player allow page bit blue most watch. Marriage model century cut actually family.,378.01,170,"Johnson, Vega and Wolf",2023-04-19
88,Fully-configurable next generation moratorium,Sports,Would home involve year hold close. Officer floor yet audience dark we finally. Nor stand like design leave.,206.17,218,Hicks Inc,2024-01-02
89,Decentralized grid-enabled function,Electronics,Nearly bring development term. Spend meeting argue just. Image laugh author carry region them professor.,433.0,168,"Olson, Wheeler and Schneider",2023-07-26
90,Virtual radical leverage,Sports,Food seek let country if office. Live else guy reason finally director.,192.59,271,Gill Inc,2024-09-28
91,Customizable foreground support,Sports,Meeting into eat personal second tonight. Dark drop deal music character feel. Catch shoulder later fund first thing.,463.63,292,"Gray, Walls and Benjamin",2023-07-14
92,Polarized intangible success,Books,Plan agency range general year. Night know that control money number test.,214.39,677,Lopez-Allen,2024-03-26
93,Function-based upward-trending attitude,Clothing,Ever happy ask much clearly much. Thousand trouble beat she anything discussion I. Data trip measure.,360.61,194,Thompson-Fernandez,2024-02-21
94,Intuitive human-resource frame,Electronics,Method add war red. Find any stay exist though matter. Ball bed southern dream table religious teach.,151.87,593,Reynolds-Rollins,2023-04-22
95,Progressive even-keeled hierarchy,Electronics,Authority seek mouth former past. Charge time goal shake bit ability. Money bag him word increase.,369.19,765,Walsh Group,2023-07-23
96,Seamless stable groupware,Electronics,Stop person training rest through care fine. Who indicate phone nation.,160.23,598,"Armstrong, Reed and Newton",2024-10-19
97,Advanced logistical archive,Books,Reach series pattern. Agency during probably wrong police see.,241.01,161,"Lester, Jones and Hartman",2023-05-21
98,Business-focused multimedia parallelism,Books,Book key hotel about. Indicate involve free animal. Service local direction Republican everything truth.,33.16,82,Cervantes-Kramer,2023-07-06
99,Realigned discrete middleware,Electronics,Another tree we wide style. Politics great decision once entire successful no.,426.41,609,"Rodriguez, Richards and Huff",2023-04-02
100,Realigned clear-thinking data-warehouse,Clothing,Color arrive appear education either occur discuss. Reality likely machine edge. Ahead report ground.,38.64,413,"Garcia, Smith and Graham",2024-04-06
101,Expanded motivating productivity,Books,Style car move want personal above. Ok similar bring adult how.,64.34,252,Moore-Greer,2024-02-05
102,Focused web-enabled pricing structure,Electronics,Decide person within. Outside career recently support among.,291.56,634,Johnson-Hodges,2024-04-23
103,Balanced object-oriented instruction set,Books,Lay indicate buy fly not. Against start itself performance eight natural two.,45.58,578,Novak-Williams,2024-08-20
104,Robust mobile complexity,Home & Garden,Face difference after article under go west. Another building too important.,263.78,209,"Russell, Sanders and Fitzpatrick",2023-05-11
105,Organic 5thgeneration circuit,Home & Garden,East author policy yard off. Member yet evening lot friend approach. Himself level through citizen president.,336.51,244,Perez-Grimes,2023-05-01
106,Visionary systematic approach,Clothing,Keep image follow pretty food save. Everyone physical present reality. Within everyone friend red war may.,136.48,687,"Cruz, Kelly and Collier",2023-04-14
107,Open-source bifurcated functionalities,Sports,Key year girl. Word across who choose watch already.,324.52,323,Mcbride-Lynn,2024-11-08
108,Versatile local solution,Electronics,Tend customer there economy. Design strong common sort environment than. Morning after at year institution city.,464.86,9,Williams-Rhodes,2023-03-15
109,Adaptive bi-directional flexibility,Books,Cold result authority next. Analysis style over whose economy. Should way network share ten road safe.,231.85,102,"Franklin, Smith and Farrell",2024-01-30
110,Balanced needs-based capability,Clothing,Cover executive style. Yes need scientist reason throw fund.,41.26,518,"Perry, Turner and Johnson",2023-04-17
111,Sharable asynchronous complexity,Home & Garden,While stop simply certain boy relationship. Not tell however city lead speak.,136.27,902,"Hanson, Atkinson and Turner",2024-01-25
112,Re-contextualized systematic system engine,Clothing,Power huge goal more century. There couple thought shoulder suggest age you. Throw without need majority effort.,39.05,378,Collins Inc,2024-02-07
113,Face-to-face holistic flexibility,Sports,Push listen most north. By commercial item him herself cultural have.,146.07,853,"Smith, Valencia and Crawford",2024-06-10
114,Assimilated intangible capacity,Home & Garden,Guy trial card hit serve. Environment development half degree believe. Recent perform air describe wear.,273.89,626,"Brennan, Phillips and Arnold",2024-01-31
115,Function-based dynamic support,Books,Drop population approach yard value financial. System require region listen. In would population moment soldier.,492.01,8,Snyder PLC,2023-11-25
116,Devolved impactful service-desk,Books,"Trip on third good she none performance. Quickly now remain network place special some.
Nearly population age.",335.59,306,"Brown, White and Miller",2024-01-15
117,Inverse optimizing Graphical User Interface,Electronics,Term short seven north huge. Plan six yard add.,466.22,961,Wilson-Martinez,2023-12-27
118,Distributed value-added groupware,Home & Garden,Present ten eight serve. Foreign war leg push quite.,439.67,118,"Burton, Dillon and Johnson",2024-09-04
119,Open-source attitude-oriented protocol,Books,Along success you hotel remain include several strategy. Listen soldier today seek least. Face discover hope matter.,445.41,159,Daniel-Wells,2024-03-11
120,Virtual background synergy,Books,Compare read present father leave history water. See whole author quite because participant.,139.81,215,Sparks Inc,2023-10-06
121,Synergistic asynchronous info-mediaries,Clothing,Knowledge left scientist whether. That stuff may bed.,360.22,703,"Townsend, Wells and Odom",2024-06-22
122,Reverse-engineered real-time info-mediaries,Home & Garden,Entire red position as opportunity someone send. Job write half newspaper choose detail happy.,318.95,517,Kelly and Sons,2024-02-26
123,Organic multi-tasking pricing structure,Electronics,Hear throw go town. Feel wall improve professional sure material. Everybody growth almost range to early.,246.82,94,"Williams, Fernandez and Stewart",2024-07-28
124,Integrated grid-enabled system engine,Home & Garden,Myself practice floor action ability toward.,318.97,45,"Ortiz, Perez and Cisneros",2024-03-24
125,Digitized coherent utilization,Clothing,Maybe pattern avoid a. Machine deal though material explain. Anyone white boy face floor plant.,6.76,652,Armstrong Ltd,2023-09-04
126,Reduced bifurcated portal,Clothing,Keep fear with discussion. Half pass population money model south. Section raise get pressure gun bring both.,490.0,759,"Wall, Harrison and Brooks",2024-04-05
127,Synchronized national definition,Sports,Sport American single truth. Operation floor go box discover focus.,223.71,574,Hampton Group,2023-09-19
128,Front-line dedicated hub,Electronics,Partner line usually start provide after. Young choose control region organization trouble.,9.79,967,"Cochran, Spears and Cherry",2024-09-06
129,Versatile analyzing software,Clothing,You product kitchen cell hundred. Thus role wife science rather admit kid discuss.,442.14,558,Ellis LLC,2023-06-07
130,Reduced neutral throughput,Home & Garden,Sing several up interest class movie. From including various little he value.,22.83,596,"Patel, Mendez and Shaw",2023-02-20
131,Assimilated responsive moratorium,Sports,"Gas happen him join. Possible admit every professional green.
The find necessary.",278.5,130,"Cruz, Lawson and Parker",2023-07-07
132,Managed intermediate projection,Home & Garden,Watch turn different pretty deep design fall. That fight foot member. Machine model determine glass.,25.71,920,Vargas Ltd,2024-03-02
133,Ameliorated encompassing standardization,Electronics,Sometimes individual place success bit act offer. School anything often war. Available station weight may break.,466.88,920,Cline and Sons,2023-11-24
134,Customer-focused clear-thinking intranet,Clothing,Him want bar strong. Language to four summer energy.,182.12,682,Conley Ltd,2024-09-27
135,Persistent next generation analyzer,Books,Media stock career owner specific space know order. Save fine community little indicate relate.,55.88,905,Cortez-Guerra,2023-06-11
136,Public-key eco-centric capability,Books,Authority across project event car whose. Significant term fund happy total me. Member event theory two.,437.98,767,"Montgomery, Burns and Mayer",2024-07-23
137,Fully-configurable coherent installation,Clothing,Later during there by. Trouble involve fact think from media meet. Oil suddenly several Mr.,81.5,885,Sullivan Group,2024-11-28
138,Organic secondary middleware,Clothing,All away but require. Them low others game few.,85.44,902,Moore Group,2023-04-15
139,Public-key analyzing capability,Clothing,Dog herself arrive however. Improve writer company century. Need painting certain type front point nearly.,209.09,754,"Wu, Crawford and Pearson",2023-11-03
140,Devolved tertiary pricing structure,Sports,Also your local government. Most industry hear wonder Democrat need. News special usually box among west.,462.62,821,Mitchell-Bryan,2024-11-24
141,Streamlined local process improvement,Clothing,Range suffer fast side happy doctor be. I find outside lawyer appear little pick.,336.6,273,Williamson Inc,2024-07-22
142,Ergonomic bifurcated intranet,Electronics,"Picture back dinner guy. Religious able cover door south hear inside inside.
Any fine all though.",83.8,391,Massey-Perez,2023-04-01
143,Multi-tiered bandwidth-monitored frame,Sports,Well couple account little reality building soldier.,436.72,227,Gutierrez-Alexander,2024-09-20
144,Focused scalable help-desk,Sports,Young half hard line it gun. Body present agreement relate south.,103.79,358,"Hanson, Montgomery and Huff",2024-06-23
145,Synergistic zero administration hardware,Clothing,World firm let tree person travel. Organization research husband rock technology better wife.,156.07,228,"Baker, Berry and Weeks",2024-06-14
146,Open-source impactful policy,Clothing,Toward fish apply goal science. Court account business. Value idea trade left.,16.71,408,Howard-Roberson,2023-07-21
147,Advanced 4thgeneration architecture,Electronics,Program system upon treat. Talk sit reveal report their. Star chance fact but thank day several.,167.49,990,Farley Inc,2024-05-15
148,Optimized explicit capacity,Home & Garden,Institution memory hundred difference. Speak best reduce party draw try institution five.,387.8,656,"Garcia, Walker and Craig",2024-05-12
149,Optimized value-added utilization,Books,Black raise water myself summer animal low into. Laugh heart born song money worker.,257.16,339,"Gallegos, Gates and Harrison",2023-12-02
150,Virtual real-time matrices,Electronics,Professor maybe growth structure.,469.92,898,Newman-Rojas,2023-10-06
151,Down-sized non-volatile adapter,Clothing,Science mention throughout particularly. With you seat approach maybe cut several. Whether start least old.,485.35,594,Thomas LLC,2024-05-20
152,Pre-emptive discrete standardization,Home & Garden,Tell offer grow. Man part whose parent house provide consider.,481.45,39,"Beasley, Jones and Rios",2023-02-09
153,Customer-focused 4thgeneration leverage,Sports,Health share and than if. Everything moment simply explain rule billion deep. Consider task trade newspaper.,58.66,353,Hoffman-Gonzales,2024-02-08
154,Expanded mission-critical process improvement,Home & Garden,Different would interest watch. Control heart approach according yet other land.,365.63,446,"Martinez, Walker and Clark",2023-02-17
155,Synchronized eco-centric orchestration,Books,College success finish all task think. Administration trial truth.,305.07,118,Marshall LLC,2023-11-28
156,Visionary explicit attitude,Books,Describe almost sign high indicate. Article three recently defense town bed of. Responsibility recent your writer.,195.67,194,White-Nelson,2024-06-22
157,Innovative clear-thinking framework,Sports,Generation nature product painting suggest finish wish fly.,131.09,1,"Ward, Miller and English",2023-10-15
158,Team-oriented static Graphic Interface,Books,Something exactly nor company bring hour marriage. Over others drug under agency difference. Ten bad their give pick.,262.36,703,Parker-Scott,2023-02-08
159,Advanced 6thgeneration frame,Clothing,"Fall include support.
Left more decision rule movement key color image. Year necessary painting teacher how.",361.12,372,Gomez-Maldonado,2023-10-17
160,Centralized next generation service-desk,Home & Garden,Not own final board vote keep. Simply either place raise.,218.49,638,Cox Group,2023-03-19
161,Open-source multimedia extranet,Electronics,Here information half way measure. Edge final walk my.,160.39,737,Goodman-Nguyen,2024-03-22
162,Cross-group transitional flexibility,Books,Travel offer figure threat off finally fund. Effort if think somebody choice see night.,450.52,316,Martinez-Medina,2023-12-13
163,Integrated leadingedge Internet solution,Home & Garden,Wide you seek recent. Happy example pay along store per.,335.11,412,Crane-Deleon,2024-06-16
164,Organized cohesive leverage,Books,Month religious simple little. Force medical news art response ok evening. Save population interview idea.,350.12,130,Gonzalez-Ward,2023-02-13
165,Polarized real-time infrastructure,Sports,Great long that level moment cause. Blood year nor ask born cover quite.,99.96,693,"Parker, Mclaughlin and Smith",2023-06-11
166,Visionary mission-critical framework,Clothing,Story it team compare. Perhaps best about recent pull.,375.33,630,Pacheco and Sons,2024-03-13
167,User-friendly analyzing hub,Sports,Little carry society yet offer sport husband. Another success good citizen kitchen paper.,286.71,561,Valencia-Miller,2023-05-14
168,Progressive intermediate intranet,Home & Garden,Maintain either small himself pattern appear adult. Relate tax close help per some.,417.69,293,Larson LLC,2023-07-13
169,Team-oriented dynamic knowledgebase,Books,Institution just type fact. Develop group air old have total.,109.04,621,Ramsey Ltd,2023-02-20
170,Synchronized system-worthy Local Area Network,Sports,Course toward late increase agree matter do. Want relationship record young.,329.08,452,Calhoun and Sons,2024-07-17
171,Synergistic empowering access,Clothing,"Back modern free suffer order unit.
Trip finish be wear.
My among everybody likely ask news. Yes allow field.",223.87,523,"Acevedo, Carr and Pruitt",2024-09-23
172,Self-enabling incremental approach,Clothing,Image sister sometimes reflect ever until series. Parent individual suggest either maybe through heavy.,239.23,674,Hoffman-Wilcox,2023-03-17
173,Multi-tiered analyzing hub,Books,Water nothing provide. Government majority news husband scene high. Thought enjoy safe before federal worker.,46.97,679,"Hunt, Perry and Wise",2023-05-18
174,Open-source multimedia extranet,Home & Garden,"Edge tend situation follow ahead management.
Reach that girl which.",318.31,95,Tran and Sons,2023-08-21
175,Reverse-engineered bottom-line firmware,Clothing,Week option character. Citizen weight seat performance movement cultural.,410.12,688,"Johnson, Thompson and Schroeder",2023-09-23
176,Versatile impactful website,Clothing,Mother increase sea teacher. Although group statement although attorney idea power.,158.66,150,"Garcia, Martinez and Kim",2023-10-22
177,Versatile asynchronous Internet solution,Clothing,Work image source girl. Type second history would car growth. Message could certain art challenge for.,17.09,486,Pruitt-Montoya,2024-02-21
178,Exclusive scalable forecast,Electronics,Word policy join follow. Middle yeah whose drive represent.,307.58,466,Campbell-Stephenson,2023-02-09
179,Sharable foreground synergy,Books,Around like call pressure officer. Support international happy young. Rate should fly.,210.15,199,Wood and Sons,2024-02-21
180,Multi-lateral asynchronous functionalities,Sports,Bring forget education ball. Need listen set simple add guess. Work performance reality theory play.,360.58,506,Robinson and Sons,2024-01-03
181,Open-source tangible process improvement,Clothing,"No throw on large memory study. Among very purpose condition data.
Without happen cup specific keep chance.",202.83,671,Faulkner LLC,2024-06-10
182,Team-oriented content-based artificial intelligence,Electronics,Realize other society health inside set. All myself floor board family red.,345.37,797,Holt PLC,2024-05-05
183,Virtual disintermediate benchmark,Clothing,About certain agree risk probably many. Accept sing early strong true. Investment field always matter check amount.,215.45,823,Elliott Inc,2023-03-14
184,Robust optimal moratorium,Books,Less anyone reach gun model. Catch about medical personal somebody stop.,479.19,475,Tucker Inc,2023-08-31
185,Upgradable cohesive hub,Clothing,Public help me age national avoid last. Church experience program participant.,29.86,939,"Bennett, Holt and Moon",2024-05-07
186,Devolved human-resource approach,Sports,Describe prove mean ahead. Security increase argue two paper official.,424.93,136,Martinez Ltd,2024-11-12
187,Progressive multi-tasking methodology,Books,"Year bag skill floor music.
Place keep research exist cold. Subject protect hold case.",401.7,572,King-Smith,2023-03-31
188,Managed leadingedge knowledge user,Sports,Wife catch outside recently memory first. Garden by total professional feel enjoy.,299.75,627,"Russell, Medina and Robinson",2023-07-03
189,Seamless client-driven website,Books,Project paper hope choice positive education power. Cost include issue beautiful dinner husband.,408.43,436,Wyatt-Fields,2023-01-29
190,Reduced intermediate archive,Books,Situation note tax according others involve green program. Final wall very eat area listen.,416.13,456,Parks-Summers,2023-02-13
191,Proactive zero-defect customer loyalty,Sports,In however start too. Though animal language physical quickly identify traditional.,449.12,460,Collins PLC,2024-05-17
192,Integrated well-modulated secured line,Clothing,Cell issue rate green suggest win. Material make sure bag you. Church hear of.,133.3,860,"Rojas, Pittman and Martin",2023-06-27
193,Business-focused bandwidth-monitored initiative,Books,After probably phone you owner. Leader evidence poor expert direction response certainly.,320.64,496,Anderson-Fields,2024-08-16
194,Object-based uniform focus group,Home & Garden,Change test school member product fast none. Improve physical society. Against others kind factor. Party close now at.,315.24,450,Harrison-Berry,2023-03-10
195,Multi-lateral zero administration moderator,Home & Garden,Enough write throughout go bring. Yes development daughter enter.,43.35,240,Vincent-Harvey,2024-07-30
196,Phased demand-driven solution,Home & Garden,Mission available beyond author. Final charge will memory floor energy.,139.5,914,Anderson LLC,2023-12-18
197,Distributed 24hour throughput,Clothing,Nation different medical gun win three child close. Score adult information truth.,272.38,154,"Everett, Perez and Mcguire",2023-06-15
198,Stand-alone exuding methodology,Clothing,They pattern institution believe let guess. Central sort soon. Commercial more film.,119.47,723,Fletcher Group,2023-08-11
199,Synergistic human-resource time-frame,Sports,House middle particularly fish. Baby think clear employee.,110.91,417,"Bennett, Nelson and Costa",2024-03-22
200,Virtual well-modulated projection,Sports,Plan protect need according. Way respond center manage wait avoid great. Program increase former positive arrive.,168.79,425,Harvey Group,2024-07-19
201,Persevering systemic implementation,Sports,"Result area establish evening.
A continue pressure garden.",35.82,398,Sparks Ltd,2023-04-28
202,Front-line dynamic application,Books,Official artist offer power. Goal argue born success. Huge however approach item thank around.,452.9,968,"Robinson, Palmer and Potter",2024-02-25
203,Programmable fault-tolerant structure,Books,Maintain four write administration speech. System soon democratic laugh character. Assume foreign land rule.,349.28,389,Miller-Conner,2023-02-13
204,Re-contextualized even-keeled secured line,Home & Garden,Produce health now police light. Beat development think stop artist blood road.,241.1,305,Garcia-Hodges,2024-04-23
205,Function-based coherent methodology,Sports,Bill service range structure. Clear ability thousand light news. Garden million without.,377.97,551,Davis-Bailey,2024-03-09
206,Robust intermediate conglomeration,Books,Particularly plant life enough where. Establish whole get media deep yet away occur.,375.02,819,Terry-Wells,2024-02-17
207,Inverse object-oriented function,Clothing,Media doctor probably growth have cup. Eight skin before mission above.,303.61,499,Moore and Sons,2024-01-01
208,Multi-lateral 24/7 middleware,Sports,Manager brother floor coach floor race response chair. Economy certain school notice something.,113.61,497,Alvarez Ltd,2024-02-25
209,Diverse multi-state implementation,Home & Garden,Same miss security office test see. She theory church.,19.37,684,Burgess-Mcneil,2023-06-17
210,Innovative zero administration attitude,Sports,Live front here recently meeting put. Save bed would would onto.,341.18,741,Owen-Rivera,2024-06-18
211,User-friendly high-level core,Sports,Establish explain box phone unit choice. Check must theory day. Sign story put son capital.,86.7,941,"Black, Cross and Smith",2024-06-23
212,Enterprise-wide mobile middleware,Books,"Threat service million himself all attention this.
Between other company where region agent sister.",68.18,546,"Nielsen, Brown and Torres",2024-02-03
213,Innovative tangible encoding,Sports,"Work now major when heart respond end bring.
Service allow specific summer line leg out. Bit city hit people key.",18.35,606,"Davis, Miller and Stewart",2024-09-22
214,Down-sized 4thgeneration instruction set,Electronics,"Tax break general. Cold how network note act general best.
Wind stay least.",284.37,85,"Clay, Davis and Carlson",2023-01-04
215,Compatible web-enabled focus group,Clothing,Wind along successful office help build. Along thus program special way.,323.16,887,"Frazier, Perry and Allen",2024-03-13
216,Business-focused directional utilization,Electronics,Accept store adult officer shoulder tough. Test guess respond risk week home. Poor around maybe several trip.,233.54,266,"Boyd, Velazquez and Smith",2024-07-31
217,Ameliorated radical budgetary management,Clothing,Six clearly central about suddenly watch without. Threat stock himself purpose. Expect heavy far education size.,192.66,465,Higgins-Bell,2024-01-01
218,Exclusive foreground interface,Sports,Specific reach order data. Behavior west particular not wait end arm miss.,166.79,284,"Miller, Scott and Davis",2023-11-24
219,Enterprise-wide contextually-based moratorium,Sports,Get unit man entire all home within.,377.24,258,Ramirez-Ortiz,2024-01-08
220,Multi-tiered empowering Local Area Network,Sports,Him former answer end good seat. Possible your wall easy. Oil choice life administration oil this method.,418.28,19,Thomas-Sanchez,2024-06-06
221,Up-sized needs-based task-force,Electronics,No month affect scene PM.,375.77,974,Garza-Mcneil,2023-04-01
222,Integrated dynamic migration,Electronics,Likely need figure bring reality plant. Including interesting fire trip person none. Say dinner respond despite.,178.23,799,Bradshaw LLC,2023-02-18
223,Synergized discrete function,Electronics,Throughout however prepare. Change officer medical his receive.,478.86,772,Wright-Stanley,2023-12-26
224,Fully-configurable national analyzer,Clothing,Wide moment enjoy expert could. Resource source see central buy board your.,20.36,204,"Ferguson, Vargas and Sullivan",2023-06-29
225,Phased scalable success,Books,"Nation positive thousand.
Nature animal fear property listen. Identify top act morning.
Today meet per seem provide.",420.42,156,"Ellis, Duran and Hamilton",2023-06-06
226,Configurable empowering open system,Sports,Might couple treat several. Scene minute yet figure according director simply politics.,123.08,685,Harris and Sons,2024-07-19
227,Phased solution-oriented capacity,Clothing,Special sit billion away generation debate often. Read movement alone company customer main.,61.62,476,"Davis, Castillo and Jones",2024-02-17
228,Profound static encryption,Home & Garden,Watch simply amount cold feel. Increase teacher beat it threat story sit.,351.24,171,Scott Group,2023-03-23
229,Diverse 5thgeneration open architecture,Electronics,Campaign nature film form control staff. Position news reflect look determine song something.,304.92,796,Sullivan-Erickson,2024-06-08
230,Fully-configurable methodical support,Home & Garden,Serve though help example environmental. Above goal suggest market artist building.,410.55,110,"Krueger, Torres and Henry",2023-03-11
231,Self-enabling cohesive Internet solution,Home & Garden,Grow amount thought idea. Hair floor feeling her play new win.,291.45,589,Reilly-Clayton,2023-11-13
232,Synergistic asymmetric protocol,Sports,Work key image source clearly. Really heavy leg operation member. Defense service to stage term.,340.29,406,"Padilla, Wyatt and Swanson",2024-06-16
233,Customizable multimedia Local Area Network,Clothing,Democratic vote rather be culture. Form keep particularly air American control.,471.03,77,Young Group,2023-12-20
234,Polarized homogeneous matrix,Clothing,Understand more help onto idea everything building. Hit especially national interview media wrong.,298.09,104,Evans-Cooper,2023-04-27
235,Polarized next generation installation,Home & Garden,Own education still clear. Everyone area fish bed party particularly use.,350.11,870,Howard-Rodriguez,2024-03-23
236,Streamlined systematic process improvement,Electronics,Physical world hour we study us yourself long. Significant special sport begin word.,343.71,815,"Black, Turner and Bishop",2023-11-09
237,Object-based high-level workforce,Electronics,Main air fine hour especially western eat. Whole power expert car present.,492.0,355,Kelly Group,2023-09-07
238,Assimilated executive productivity,Home & Garden,Modern people out although bag college. Could size firm south address. Throughout but finish lay method.,268.71,70,"Horn, Brock and Perez",2024-10-05
239,Managed intermediate pricing structure,Home & Garden,After necessary either fly. White base than response war this.,255.45,12,Haynes-Merritt,2023-08-07
240,Optimized value-added architecture,Sports,Detail service exactly without. Push itself few appear their want send.,425.54,108,Casey PLC,2023-08-09
241,Universal logistical utilization,Home & Garden,Each share simple leg. Peace me same adult recognize. Those catch employee serve public firm especially.,219.59,650,Church PLC,2024-08-30
242,Function-based encompassing task-force,Sports,Administration fly pull article wrong sister rule. Blue great understand what nice.,446.33,724,"Gallagher, Clark and Lopez",2024-04-28
243,Diverse human-resource circuit,Clothing,Race shoulder happy get up yeah.,80.73,751,"Bell, Maddox and Wagner",2023-10-02
244,Virtual leadingedge neural-net,Home & Garden,Tv size more talk quickly not lot. Drug knowledge cup radio author owner it. Piece open short mission identify soldier.,263.26,630,Barr Group,2023-03-19
245,Public-key scalable middleware,Books,Minute state apply often that professor. Magazine though production. Animal hundred thus treat.,405.06,793,"Delgado, Curry and Smith",2023-02-22
246,Enterprise-wide analyzing system engine,Sports,Major conference race power same peace. Education by item without since hot production ever.,244.33,845,"Santana, Gill and Lee",2024-05-20
247,Adaptive asynchronous support,Home & Garden,Player modern condition form. Various arrive western far southern himself help. Decision also help sort chance.,366.86,330,Jordan Ltd,2023-07-04
248,Pre-emptive logistical moderator,Electronics,Series last again different rule huge leave. Plan seek TV should use with. Stand set respond.,426.6,285,"Hamilton, Roberts and Dawson",2023-11-26
249,Expanded multi-tasking challenge,Clothing,Bit take cell worry. Apply successful give clearly listen. Word what rate tend.,441.41,768,"Hobbs, Brown and Jarvis",2024-06-13
250,Vision-oriented maximized matrices,Books,Beyond knowledge reduce might. North tonight who.,235.03,684,"Larsen, Patterson and Hudson",2023-05-29
251,Sharable maximized frame,Electronics,Common least understand Mrs strong policy. Response specific determine stop hear hold too.,192.6,506,Garcia Ltd,2024-07-16
252,Ameliorated reciprocal help-desk,Clothing,Somebody specific go yet best particular. Rock piece development difference practice maintain.,426.22,499,Hamilton PLC,2024-07-24
253,Virtual multimedia array,Home & Garden,Huge product social cover wife offer. Goal base miss enjoy. Ever note imagine focus month.,110.0,348,Taylor PLC,2023-07-03
254,Upgradable exuding model,Books,Page wear common. Bit public nice operation news give. Smile help just town development technology cost.,143.43,718,Turner PLC,2023-11-08
255,Programmable full-range task-force,Books,Or at have leave easy reach. Pick father employee lawyer.,440.65,10,Mora LLC,2023-04-09
256,Horizontal web-enabled moratorium,Clothing,Hit administration country half. Finally maintain record good imagine. Better population official body pressure.,260.73,87,Craig and Sons,2023-12-23
257,Phased asynchronous challenge,Sports,Recently trip history maybe full still own. Benefit late even now want add moment prevent. Soldier wife series.,124.47,500,"Smith, Jackson and Pierce",2023-10-26
258,Intuitive intangible conglomeration,Clothing,Would never half. Agent than television shoulder memory according easy. Forward crime Mrs.,279.81,707,"Rojas, Ayers and Harris",2024-07-03
259,Reverse-engineered maximized implementation,Sports,Both especially give within. Wish yeah arrive able. Lawyer care production story.,240.67,458,Mcclain Ltd,2023-06-21
260,Fundamental impactful projection,Electronics,Staff best itself production ago fly travel. Hand affect player only beat rest own.,397.5,301,"Farley, Mullen and Kennedy",2023-05-06
261,Profound even-keeled Graphical User Interface,Clothing,Movie low only amount analysis. Inside need sister wife. Same style woman manage control again.,114.69,313,"Malone, Marks and Fisher",2023-01-20
262,Total system-worthy neural-net,Home & Garden,Stand rock ability fund president book. Herself charge region fall population.,333.66,484,"Washington, Moore and Mitchell",2024-01-08
263,Pre-emptive executive knowledgebase,Home & Garden,Well whatever want mother four. Protect owner war behind. Already real individual environment.,278.97,435,Galvan Group,2023-10-21
264,Monitored local hierarchy,Books,Experience perform give one player. Experience lawyer expert brother recognize head forget.,498.33,338,"Crosby, Ortega and Sanchez",2024-05-18
265,Distributed executive archive,Sports,Professional care information have recent. Federal cause physical son sell few from. Mrs why kind of hear that.,179.15,277,"Young, Manning and Green",2024-03-28
266,Universal context-sensitive customer loyalty,Clothing,Realize argue see eye five matter. She year specific let.,156.78,123,Anderson Ltd,2023-02-27
267,Balanced homogeneous ability,Home & Garden,Water take believe candidate cup. Type hand enjoy season probably movie.,362.04,122,Williams Group,2024-11-26
268,Compatible bifurcated definition,Clothing,Lawyer fire four quickly.,372.73,196,Ross Ltd,2023-02-19
269,Re-engineered bi-directional alliance,Sports,Light suffer school east serve future bad. Suddenly word chair any. Natural board staff describe.,112.11,283,Davis and Sons,2023-12-14
270,Progressive real-time concept,Books,Enter dog article only. Note research do discover class follow herself. Young contain exactly say mind impact major.,363.67,611,Griffith LLC,2023-11-25
271,Phased uniform complexity,Electronics,Majority usually sit investment. Certainly fly our nation likely late lawyer name. Reality create maybe ask.,145.08,852,Washington Inc,2024-08-22
272,Reduced tertiary frame,Clothing,"Your federal commercial full.
Opportunity choice specific hold. Mission station note.",101.09,369,"Miller, Bullock and Howe",2023-01-17
273,Mandatory dynamic task-force,Electronics,Police environmental no guess generation meeting yard generation.,93.82,725,Kelley-Singh,2024-05-17
274,Multi-tiered high-level analyzer,Home & Garden,Number professor cause such ten produce. Four candidate raise sort. Throughout billion book property throughout.,269.4,46,Kirby-Nguyen,2023-06-04
275,Universal coherent algorithm,Books,Establish risk different within plant far. Fear around program thus short. Long generation threat represent couple.,487.28,299,Burgess and Sons,2023-05-08
276,Multi-lateral cohesive support,Clothing,Only example near article just. Property fact clear including view do level probably. Least bag always.,350.22,653,Rodriguez PLC,2024-01-10
277,Integrated transitional parallelism,Sports,"Evidence once step.
College court author style fall now. Exist over administration.",434.89,105,Smith-Jordan,2024-09-21
278,Multi-channeled secondary budgetary management,Books,Enter direction visit forward. Note build rest.,437.0,291,Long Ltd,2024-10-27
279,Operative fresh-thinking access,Sports,West their cost fish democratic. Market material avoid. According certain safe nation. Fly right computer unit nature.,237.35,348,Barton-Johnson,2024-04-07
280,Seamless systemic middleware,Electronics,Strong technology later religious. Career red society continue minute tax fill baby.,96.26,258,"Davidson, Taylor and Humphrey",2023-04-26
281,Future-proofed content-based adapter,Sports,Likely pay do history learn at manage. Reality care whether me society plan bar. Course seven year lawyer condition.,470.83,116,"Hendricks, Barnes and Willis",2024-08-25
282,Customizable background adapter,Sports,Into society future after population possible fund. Quickly apply design. Personal cost answer report seven stop.,411.95,503,Davis-Wilson,2024-05-04
283,Profit-focused bifurcated support,Electronics,Theory decision management enjoy add care watch last. Nor western behavior budget long.,41.67,155,"Long, Meadows and Arroyo",2023-02-15
284,Extended interactive methodology,Books,Investment sure think line happen data some. Thousand eat product wonder.,78.85,971,Hess Group,2023-01-08
285,Right-sized systemic pricing structure,Clothing,Less major minute southern government though human.,155.4,121,Anderson-Garcia,2023-09-22
286,Future-proofed zero-defect project,Sports,Right affect support model.,281.25,620,"Cole, Hill and Lee",2024-04-16
287,Cloned national analyzer,Books,Must news improve size field. Difference respond different put kid.,300.08,231,"Espinoza, Valdez and White",2024-03-20
288,Ameliorated 24/7 complexity,Sports,Coach maintain view game suggest far right probably. Attorney with whether born sport man.,388.97,461,"Griffin, Byrd and Thornton",2023-04-11
289,User-centric holistic instruction set,Home & Garden,Middle share soon treatment. Upon everyone five conference month. Yeah season get send meet current many minute.,454.71,880,"Dawson, Brown and Romero",2023-12-14
290,Organized full-range groupware,Sports,Since couple seek.,296.32,312,Fletcher-Davidson,2024-01-30
291,Visionary system-worthy complexity,Electronics,"Indicate nation away month receive. Season listen art hit employee treatment.
Manage effort beat help.",286.47,624,"Tyler, Stein and Rhodes",2024-04-11
292,Streamlined interactive capacity,Electronics,Congress development property long home lawyer. Game stay add single once. Series wife east large per forget human.,480.25,970,Jones PLC,2024-07-19
293,Streamlined maximized info-mediaries,Clothing,Stuff idea assume major. Usually suddenly doctor month manager as. Recognize wonder town.,382.55,270,White Group,2024-03-18
294,Self-enabling responsive contingency,Clothing,Management present threat need key. Bill success begin environment program grow particular.,331.91,245,Maynard LLC,2024-11-11
295,Intuitive multi-state contingency,Electronics,Newspaper step four know. Whose late ago lay president window paper step.,91.04,160,Woodward and Sons,2023-07-08
296,Team-oriented user-facing synergy,Sports,Almost civil way recently. Foreign task attorney often protect group number.,6.32,705,Kim Group,2023-07-02
297,Operative responsive framework,Home & Garden,"Today meet bring product us. Seem six teacher seven north.
Star six ever test oil chair.",298.94,33,"Lee, Sherman and Stanton",2024-11-14
298,Balanced bi-directional hub,Home & Garden,Perform vote majority international its would.,119.58,719,Clark-Allen,2023-01-01
299,Multi-channeled modular firmware,Electronics,Bill think build worry. Off people school position candidate.,430.51,703,Good-Turner,2024-05-07
300,Expanded zero tolerance infrastructure,Home & Garden,"Wrong three would inside mind blue bank.
Adult his decision federal place work. Thus manage call able on.",120.54,806,Howard and Sons,2024-09-09
301,Visionary grid-enabled Internet solution,Books,Quality young national teach positive. Admit son yes many enter everybody third.,396.67,677,"Garcia, Smith and Palmer",2024-08-25
302,Reduced asynchronous solution,Clothing,Water back country window reveal give president. Add arm author big report. Avoid these able why method group.,402.93,435,Nelson Inc,2023-05-01
303,Switchable transitional task-force,Clothing,Capital hold small you. Fear because reflect PM ability ask report. With age information often high.,61.81,663,"Smith, Cross and Richardson",2024-04-22
304,Virtual upward-trending flexibility,Home & Garden,Political job discuss charge weight man beat. Make level well business anyone visit on.,78.75,846,Baker PLC,2024-01-08
305,Stand-alone static concept,Electronics,Art art catch sure detail. Break decision example. Strategy continue example let long.,75.41,169,"Martinez, Brown and Torres",2023-12-29
306,Open-architected regional projection,Books,On whom view receive goal public job sister. As girl take real. Peace herself collection language idea.,397.35,766,Williams Inc,2023-04-22
307,Polarized 24/7 superstructure,Home & Garden,Campaign record use right. Power travel decision necessary space.,413.0,449,"Roman, Carpenter and Merritt",2024-09-07
308,Customizable bottom-line hub,Home & Garden,Sense skill same bring Mrs away attack. Science response popular fast.,66.56,716,Moody LLC,2024-05-02
309,Visionary scalable help-desk,Home & Garden,Others PM air least situation article. Politics strategy piece health why agree. Author cultural simply.,204.24,512,Williams-Diaz,2024-09-04
310,Stand-alone responsive complexity,Sports,Marriage eye mother issue. Type idea tree service. Democratic film measure career child.,272.29,82,Ramsey PLC,2023-12-25
311,Operative actuating process improvement,Sports,Mind evening goal design economic trade authority. Song some quality. Mrs heart identify.,301.03,752,Wilson-Richmond,2023-12-29
312,Intuitive bottom-line portal,Home & Garden,Opportunity condition office agree mission government ball. Quickly deep together conference manager. Top describe so.,164.55,26,"Knight, Gross and Tucker",2023-08-16
313,Down-sized needs-based superstructure,Books,Bank similar worker. Property morning western town several middle brother. Southern almost glass reach.,50.21,601,Foster Ltd,2023-10-12
314,Inverse responsive function,Home & Garden,One cultural onto light car thousand fear. Back history stop serious find protect.,475.64,590,Jackson Ltd,2023-11-18
315,Persevering 5thgeneration groupware,Clothing,"Focus sing story down later.
However environmental for yard however. Mr today ground beat one.",24.91,481,Hodges Inc,2024-09-24
316,Pre-emptive multimedia Graphical User Interface,Sports,Girl represent race condition. Baby others want several candidate summer center give.,261.89,938,Graham Inc,2024-01-24
317,Reduced next generation data-warehouse,Books,Answer cut sport create memory. Sure both street office system increase.,142.69,446,"Moore, Johnson and Jacobson",2023-12-18
318,Cross-group empowering circuit,Sports,Source eye station material notice. Compare century imagine rich me everything number employee.,319.22,992,"Kent, Butler and Jones",2024-01-25
319,Assimilated optimizing website,Home & Garden,Outside no artist. Person discuss rich. Chair environmental few stop control grow.,50.16,418,Long PLC,2023-05-26
320,Vision-oriented contextually-based open system,Electronics,Such political image season trade look. Mention defense to probably. Choice say budget report Mr wind form.,169.99,878,Richards-Sullivan,2024-07-29
321,Enterprise-wide client-driven customer loyalty,Sports,Work occur of sometimes rather. Doctor project scene culture quite. Father billion individual involve.,84.61,710,Mcpherson Inc,2024-06-02
322,Upgradable systemic orchestration,Sports,Either daughter law big product.,250.26,833,English Group,2023-06-28
323,Exclusive well-modulated hardware,Electronics,Physical reduce the tend deep view plant. Food blue song name.,381.45,465,"Hawkins, Berry and Parks",2023-03-19
324,Versatile non-volatile protocol,Home & Garden,Interview compare walk others. Blood few eat industry between. Turn whom book development letter.,48.59,331,Reyes Inc,2023-04-09
325,Proactive tangible firmware,Sports,Individual send take. Source company law more she. Task production hold show cell.,62.38,885,Wright-Martinez,2023-09-18
326,Inverse 24hour firmware,Electronics,Its far doctor suffer. Any owner letter suddenly live. Generation industry open arm family.,259.73,673,"Campos, Lopez and Wilson",2023-06-13
327,Distributed regional process improvement,Sports,Me best left break. He defense PM others four with. Especially hard answer program miss front sing campaign.,435.34,423,"Wilson, Moore and Jones",2023-07-16
328,Integrated uniform alliance,Books,Statement because record peace. Conference read and. Fight either purpose suffer. Pay area girl have.,31.83,370,Gonzalez and Sons,2024-08-26
329,Sharable next generation moratorium,Sports,Garden number among require no society. Case become American instead any product smile.,313.2,640,"Williams, Chang and Flowers",2023-12-19
330,Customizable neutral success,Electronics,"Personal most begin him. This professor notice.
Month heavy yard program. Push product station name.",223.81,208,Cole-Andrade,2023-07-06
331,Multi-channeled interactive function,Clothing,Tough paper race give. Really model eat woman reduce class southern.,137.19,949,"Leonard, Wang and Taylor",2024-11-26
332,Multi-tiered reciprocal encoding,Sports,Ability type word record.,147.57,124,"Brown, Cooper and King",2024-11-27
333,Self-enabling radical moderator,Books,Avoid which decade according ever rich director. Capital seven area change sell our common.,19.29,818,Martin-Castaneda,2023-06-16
334,Innovative high-level orchestration,Clothing,Computer performance happen huge go city oil. Our rise suddenly allow. Fight father seek material truth set into.,123.45,318,Rhodes-Tucker,2023-01-04
335,Inverse bottom-line open architecture,Books,Wait appear less role ok type. At hear political fine case young. Include lead financial close energy whatever.,277.67,417,Lopez and Sons,2024-03-11
336,Advanced context-sensitive paradigm,Electronics,Record him would success today. During what benefit the memory enjoy.,51.14,472,"Greene, Morgan and Anderson",2024-07-09
337,Phased solution-oriented service-desk,Clothing,Can according realize assume. Market few offer economic. Business expert parent draw.,473.8,510,Brown-Bradford,2023-10-09
338,Seamless mobile hierarchy,Home & Garden,Energy public fact over evening. Admit federal admit meeting. Sport then cost phone we.,466.66,521,Benitez Ltd,2023-11-09
339,Cross-group static interface,Sports,Nor provide edge agreement though surface. Market buy action Republican. Sport price agree perhaps test half.,354.18,854,Wilson and Sons,2023-07-01
340,Phased reciprocal Graphic Interface,Sports,"Dark entire coach bank toward. Protect there seven.
Me sign indicate early member service pattern. Success right court.",243.84,249,"Allen, Stewart and Munoz",2024-02-04
341,Vision-oriented zero-defect open architecture,Clothing,Thing only live sort alone fact. Protect future performance admit.,231.11,392,Berry-Rivera,2024-09-18
342,Sharable background methodology,Books,Early girl boy impact clear. Another physical free choose.,99.35,520,Ball-Fields,2024-06-02
343,Extended human-resource collaboration,Clothing,Break receive thousand four. Bit even under help. For operation star bar stay experience wait us.,374.41,884,"Rodriguez, Copeland and Jenkins",2024-03-17
344,Function-based optimizing ability,Sports,For their feeling figure really guy. Might sometimes school civil care.,39.56,348,Peterson-Rose,2024-04-22
345,Extended mobile matrix,Books,Security you scene your. Structure clear break yet wife. Respond system quality.,467.45,273,"Williams, Jordan and Martin",2024-04-07
346,Robust next generation protocol,Home & Garden,Figure lose dream of. Type budget career. Hand people music onto.,411.17,743,Bond-Brown,2023-03-24
347,Public-key actuating application,Books,Father again century join arrive. Develop home fund likely. Agency almost democratic team.,152.79,593,Herrera and Sons,2023-11-13
348,Ergonomic methodical challenge,Sports,Behavior other miss all. Western result apply herself discussion. Guy himself lawyer.,499.46,886,Guzman-Phillips,2023-10-02
349,Right-sized actuating database,Books,Activity source yet friend coach central right color. Growth site end. Hand page mother heart.,78.55,495,Barron PLC,2024-04-13
350,Multi-layered contextually-based array,Books,Evidence contain above girl put end. Particularly smile region indeed nature most memory.,175.84,781,Lewis-Moreno,2024-09-11
351,Polarized fresh-thinking initiative,Sports,Fish soon nice magazine laugh. Data Congress none early baby range. Assume find imagine.,274.0,955,"Adams, Jones and Davis",2023-03-02
352,Ergonomic 5thgeneration system engine,Clothing,Agreement least more include learn arm let. Live wife black indicate number.,164.28,714,Soto-Norris,2023-11-06
353,Multi-tiered value-added archive,Sports,Help about treat. Specific American matter stop beyond. Seek car bring reduce.,123.21,239,Smith Group,2023-12-26
354,Optional reciprocal model,Sports,Always wonder example figure. Social vote yeah director. Next season guy note.,428.73,44,Hess LLC,2024-10-25
355,Innovative zero tolerance policy,Sports,Democratic who conference break leg fly. Kind wall such which child choice husband.,162.5,722,Barr-Mendez,2023-02-04
356,Innovative reciprocal Internet solution,Sports,Recently trial individual. Serious join nothing all church society participant.,457.15,395,"Cole, Cooper and Scott",2023-12-28
357,Profit-focused value-added paradigm,Clothing,Miss support show certainly. South should international fly.,494.26,507,"Carter, Nolan and Harris",2024-03-05
358,Enhanced didactic challenge,Clothing,Smile four each give individual. Worry similar model white.,482.59,514,Mcdowell-Wilson,2023-03-03
359,Multi-channeled value-added throughput,Home & Garden,Pm study deep government. Event nature both nation themselves try full officer. Heavy together large point.,482.85,890,Brown-Rios,2024-04-13
360,Realigned background approach,Sports,Talk far address cause maintain catch add heart.,54.68,102,Villarreal PLC,2024-11-02
361,Phased attitude-oriented focus group,Sports,"Sure who it time care. Air heavy yes either high.
Wait media cut toward media. Including feel right real.",265.35,15,Smith LLC,2024-05-09
362,Reverse-engineered reciprocal initiative,Sports,Set student knowledge focus. He not structure all get.,362.61,891,Barnett-Robinson,2023-05-17
363,Multi-channeled cohesive function,Clothing,Attorney use discuss week this democratic to. Race base argue glass start Mrs side. Former city training defense.,329.12,76,Rivera-Edwards,2023-11-05
364,Switchable leadingedge utilization,Home & Garden,Realize keep want. Already himself pattern billion value campaign.,237.4,346,Garcia Inc,2023-11-02
365,Universal system-worthy protocol,Sports,Seek impact college range science.,313.51,665,Johnson Group,2024-05-16
366,Implemented zero tolerance Graphical User Interface,Home & Garden,Light fact possible fall information subject stay. Test may best each serious those. Teacher weight drug item always.,44.76,872,"Ortiz, Reed and Boone",2023-06-12
367,Devolved human-resource task-force,Books,Even blue remember ask public add sell. Crime job exist such five.,338.81,389,Hunter PLC,2024-09-18
368,Face-to-face next generation benchmark,Sports,Way cut deal suffer should leave face. Break for require soldier major.,477.3,893,King-Steele,2023-11-18
369,Enhanced national array,Books,Building six age cut I. Find or suffer which kid knowledge population.,272.8,70,"Ayers, Mullen and Ramirez",2023-02-01
370,Vision-oriented grid-enabled approach,Home & Garden,Future debate shake here. Nation production follow.,121.21,232,Carr Ltd,2024-04-27
371,Organized intangible implementation,Sports,Share we significant theory stand place. Throughout do without key quite. Eight suggest almost save yeah next data.,374.65,100,"Mccall, Ochoa and Herman",2023-06-14
372,Configurable static access,Electronics,Front stuff executive health join. Republican piece now television audience.,381.38,454,Harris-Krueger,2024-02-26
373,Organic hybrid architecture,Home & Garden,Large make charge wear vote cultural feel. Identify attention exactly dinner surface general.,87.35,925,Ray-Williams,2023-02-07
374,Vision-oriented 4thgeneration conglomeration,Home & Garden,With later Democrat respond. This sometimes reveal design.,19.33,815,"Nash, Hopkins and Gross",2023-08-17
375,Upgradable client-server project,Home & Garden,Too recognize wind five particular hot loss everybody. Appear interest unit most ready single job.,32.78,383,"Wiggins, French and Vasquez",2024-07-14
376,User-friendly mission-critical ability,Clothing,Ability commercial just. Simple say fill consumer media summer. A wide detail nation may.,218.19,543,"Miller, Farmer and Fernandez",2024-02-26
377,Stand-alone upward-trending framework,Clothing,Born can community without have else catch.,208.97,174,"Hernandez, Becker and Shaw",2024-01-09
378,Cloned analyzing application,Books,Firm significant respond quality investment. Pick pretty dream owner.,91.66,891,"Garcia, Cuevas and Bailey",2024-07-30
379,Digitized dynamic groupware,Clothing,Space play street place dog myself make.,194.36,509,Nixon-Lambert,2023-06-27
380,Total real-time matrices,Clothing,Yet work animal present just traditional may. Thus direction almost democratic magazine amount interesting.,456.85,237,"Colon, Webster and Miller",2023-04-20
381,Reduced exuding adapter,Home & Garden,Often speech tree.,233.27,470,Esparza LLC,2024-04-25
382,Re-contextualized hybrid attitude,Electronics,Material truth painting know central claim recently. That her push series food.,131.39,920,"Ruiz, Orozco and Kim",2024-03-13
383,Fully-configurable national solution,Home & Garden,Board group that help organization act.,403.29,693,Flores-Acevedo,2023-09-21
384,Enterprise-wide didactic contingency,Electronics,Field win worry finally. Couple soon occur health.,275.57,452,Short-Clark,2023-03-28
385,Streamlined zero tolerance architecture,Books,Surface fact relate maybe both law course. Rather official over.,472.89,306,Flores Inc,2024-03-10
386,Ergonomic value-added benchmark,Sports,Change impact enjoy role. Season month inside enjoy very attack. Evening administration them myself wait.,321.27,706,"Williams, Watson and Barajas",2024-03-29
387,Streamlined fault-tolerant flexibility,Home & Garden,The guess teacher catch threat sister. True apply house heart heavy. Suffer stop ahead give. Strong system popular.,128.8,203,"Reilly, Hughes and Bradford",2024-04-05
388,Decentralized 4thgeneration challenge,Sports,Trade evening author share thank cost. Collection beyond spend ok candidate. Seven card machine court plan need.,499.69,109,Cruz-Mcbride,2024-07-27
389,Enterprise-wide multimedia intranet,Books,Sort indicate idea together. Hotel set alone probably four network all.,122.42,367,Oliver-Bartlett,2024-09-13
390,Grass-roots regional success,Home & Garden,They woman the boy prove. Western even image thousand.,289.53,22,Livingston-Salinas,2023-06-30
391,Realigned bi-directional interface,Sports,High win member finally. Money hot fine though.,489.08,281,"Kramer, Griffin and Goodman",2023-06-26
392,Visionary regional workforce,Electronics,Shake away recognize test newspaper thing get. Game water writer usually event culture democratic.,9.01,932,Murphy Inc,2024-01-29
393,Automated radical functionalities,Sports,Finish one we call bit two. When down natural accept while suddenly beautiful.,305.17,852,Bell Group,2023-06-27
394,Ergonomic methodical interface,Home & Garden,According people cut author man. Administration accept born hear. Prevent federal general find.,452.56,794,Nichols and Sons,2024-11-26
395,Programmable multi-state architecture,Books,Financial cause life college crime those statement. All up skin rich his economy about against. Help able group.,400.44,821,Walker-Simmons,2024-10-27
396,Inverse analyzing firmware,Clothing,True history and one. Less ground force cell industry.,179.4,635,Mcdonald Inc,2024-06-28
397,Intuitive background firmware,Clothing,True hit before attention. Take red its information response wind within choose.,129.06,643,Davidson LLC,2024-11-04
398,Pre-emptive fresh-thinking conglomeration,Electronics,Condition feeling say Democrat society. Put serious senior law nor.,53.1,316,"Mercer, Clarke and Fisher",2024-10-22
399,Ameliorated zero tolerance Internet solution,Electronics,Policy speak same charge see like while. Single indeed black nation professor baby song. Class three resource.,395.36,593,Gutierrez Ltd,2023-04-10
400,Customizable explicit firmware,Clothing,Front soldier increase quite debate. State none could along these game. Nothing easy customer nature.,185.61,92,"Hamilton, Lawson and Miller",2024-07-16
401,Multi-layered 24/7 matrices,Home & Garden,Many notice hot number not property. Your your but thus. Face wide treat least home community white.,455.27,765,Johnson-Wagner,2024-09-24
402,Reverse-engineered real-time initiative,Clothing,Maybe speak very hard much second. Attorney history trial arrive provide. Great summer base red education left.,210.67,135,"Hill, Cook and Harmon",2023-05-12
403,Monitored tertiary neural-net,Home & Garden,Region purpose look evening.,394.32,543,"Hebert, Sanders and Boone",2023-04-09
404,Function-based 4thgeneration monitoring,Home & Garden,Executive pick catch pull upon record state. Month front personal laugh spend yet.,253.39,850,Smith Group,2024-03-31
405,Triple-buffered 24/7 portal,Sports,Group trial store rather performance. Light power dog key. Provide go data material.,86.45,990,Johnson and Sons,2024-11-05
406,Enterprise-wide global implementation,Home & Garden,Even shake trouble attack under door. Ground organization me particular. Seek realize citizen include it beautiful few.,404.21,823,Nicholson-Davidson,2023-06-02
407,Triple-buffered homogeneous Internet solution,Electronics,Debate fill think relationship. Base until foot contain senior career. Thing reach store memory.,62.01,144,Smith-Hamilton,2023-03-10
408,Digitized dedicated solution,Clothing,Exactly choose end least daughter third. Three address hundred center plant when practice.,378.3,880,"Blackburn, Castillo and Huber",2024-01-07
409,Switchable fault-tolerant info-mediaries,Sports,Building note audience task executive behind music. Final least institution but. School someone name on for reality.,339.78,990,Gilbert-Oliver,2023-05-28
410,Diverse upward-trending Graphical User Interface,Books,Out treat measure someone analysis nothing course. Experience security lot student role. Bad any light agency.,423.64,374,Marshall and Sons,2023-06-03
411,Balanced demand-driven encryption,Sports,Early account necessary fall. Or himself their summer. Forget fight rather someone heavy least.,49.7,14,"Wagner, Gonzales and Williams",2024-10-16
412,Reverse-engineered multimedia artificial intelligence,Electronics,Act above even two despite. Yourself together often near.,135.91,465,Alexander PLC,2023-05-10
413,Re-engineered next generation projection,Home & Garden,"Relationship exactly week enough.
Beat help defense range impact condition. Mind moment form ten.",187.45,598,"Clark, Bell and Lang",2023-07-01
414,Intuitive modular model,Home & Garden,In skin everyone its. Ever long statement color treat around top.,193.61,110,Davis Group,2023-02-05
415,De-engineered content-based throughput,Sports,Three plant option however clear. Address six which Mrs support really from direction. Human stage house central.,339.04,25,Parker Ltd,2024-11-28
416,Organic value-added analyzer,Books,Actually stand score eight. Yard wrong never continue military. Democratic region recently stuff.,311.68,335,Hogan PLC,2023-11-17
417,Face-to-face exuding paradigm,Clothing,Upon opportunity information.,458.05,663,"Dickson, Velazquez and Boyd",2023-04-09
418,Progressive fault-tolerant throughput,Sports,Mention movement off page. Sit effort eight force key. Material leave bar develop number.,36.29,931,Brown-Pham,2023-11-25
419,Progressive homogeneous encryption,Sports,Between nation guy never. Success message economic rest seek. Southern fight always.,352.03,119,"Barker, Smith and Morgan",2024-02-13
420,Visionary non-volatile core,Electronics,Subject individual mean. Science course act education exactly certain or. Music describe step buy ready ask drive.,74.19,311,Chambers PLC,2023-02-06
421,Seamless fresh-thinking pricing structure,Electronics,Radio leave own according. Cover painting attention organization offer born.,497.98,99,Mcclure-Gibson,2024-07-04
422,Persevering foreground contingency,Books,Far statement ball sea sometimes. Mouth start history might option happy agent.,121.23,138,"Garrison, Lewis and Mercer",2024-08-03
423,Enhanced needs-based protocol,Home & Garden,Admit hospital find mouth reach. Somebody subject until continue improve.,197.38,686,"David, Williams and Sexton",2023-09-08
424,Implemented radical info-mediaries,Books,Big leave responsibility could site line. Of away that. Particularly until plan society standard suddenly statement.,474.94,429,Anderson-Brown,2024-07-18
425,Self-enabling radical alliance,Clothing,Ago law trip opportunity reflect health agency. Share fear available interview.,295.73,906,May Ltd,2023-11-01
426,Total user-facing algorithm,Electronics,Above street check rule. Woman cover simply dinner letter type trouble. Man particularly even heart tend foot.,210.37,853,Kim-Cooper,2023-09-21
427,Synergistic value-added intranet,Sports,Lose hotel employee phone event nice long. Kid knowledge imagine culture knowledge return west. Cover model keep.,247.23,961,"Johnson, Hoover and Nguyen",2024-02-20
428,Implemented impactful conglomeration,Electronics,If energy imagine begin. Tax sign get beat as throughout.,476.0,706,Snyder Ltd,2023-09-29
429,Re-contextualized disintermediate pricing structure,Sports,Already yet spring friend reality close hold. Scene enjoy history too. Child probably save guess main laugh.,188.41,455,"Williams, Cortez and Cantrell",2023-07-17
430,Organic systemic functionalities,Home & Garden,Article human spend off level cup area indicate.,475.52,101,"Bradley, Williams and Black",2024-06-16
431,Configurable client-server challenge,Home & Garden,Whatever available pretty write.,490.56,557,Mitchell Group,2024-01-31
432,User-friendly executive encoding,Home & Garden,Life either mother instead you despite. Stage writer cell worker.,451.34,62,Cisneros-Diaz,2024-01-25
433,Profit-focused reciprocal model,Clothing,Collection deal local build book type shoulder level. Late around marriage people push win.,202.08,991,"Cooley, Mcbride and Bass",2023-06-13
434,Customizable systematic analyzer,Sports,Church source fish rise investment. Occur evidence into expert message.,65.47,93,Roberson Group,2024-05-07
435,Compatible real-time collaboration,Books,Contain second common near keep. Upon might success all. Itself increase scene simply point.,333.07,994,Atkins PLC,2024-01-02
436,Adaptive systemic analyzer,Home & Garden,"Mr cause campaign.
Dog seek amount only office grow. More more factor.",15.57,249,Fitzgerald PLC,2024-02-17
437,Self-enabling upward-trending middleware,Books,Such every because wife. Part either short sea issue feel. Indeed level significant usually rule effect pass.,494.47,210,Baker-West,2023-07-30
438,Pre-emptive upward-trending attitude,Books,Drive speech couple Congress foot rich production.,38.96,212,Smith LLC,2024-04-09
439,Cross-group bottom-line moderator,Clothing,Popular environmental part draw. Personal deal feeling professor be. Campaign wife politics home.,295.26,336,Rodriguez and Sons,2024-07-25
440,Up-sized neutral challenge,Books,Approach score exactly eight movie point admit. Piece because media resource town.,388.31,2,Wright-Randall,2024-01-14
441,Switchable 5thgeneration architecture,Clothing,Guess husband generation so step main.,142.25,133,"Johnson, Wilson and Hamilton",2024-09-29
442,Networked 24/7 pricing structure,Clothing,Idea subject be say new nearly. Tell relationship would finish. Fight guess speak against manage development.,272.41,112,"Reynolds, Wright and Stewart",2023-08-02
443,Reverse-engineered homogeneous focus group,Electronics,Agreement speak should through. Professor full gas similar approach cup strategy.,332.22,134,Alexander and Sons,2023-12-18
444,Organic motivating toolset,Clothing,Another on rate special case. Bad news history listen together make program.,12.36,602,"Jones, Nelson and Rice",2023-01-14
445,Centralized 4thgeneration system engine,Clothing,"Direction arrive study point.
Station open effort account behavior. Strong side number board produce.",165.27,271,"Gardner, Poole and Clark",2023-11-05
446,Managed regional task-force,Sports,Maintain and young while bit. Left yet budget continue pull senior tend. Development mission capital second girl.,30.94,538,"Johnson, Roberson and Cain",2023-11-26
447,Total zero tolerance implementation,Electronics,Study difference draw life executive. Unit rest its none. Staff large land population name vote.,61.26,487,"Castro, Jackson and Fuller",2024-02-13
448,Advanced composite structure,Home & Garden,Prevent get since that matter peace design mention. Democratic sport all out old attention reason.,226.9,525,Lynch-Welch,2024-10-05
449,Reduced homogeneous encoding,Sports,Institution store wind teach wide. Bit value piece single sign.,298.86,515,Rodriguez-Adams,2023-09-17
450,Universal reciprocal orchestration,Books,Between suffer enter final garden ever task natural. Ever once rate first get agency. Protect cultural go.,114.67,44,"Rios, Garcia and Thompson",2024-08-17
451,Vision-oriented even-keeled system engine,Books,Enter line ago particular better song positive. Any paper year teach dream put.,364.99,308,Irwin-Paul,2023-04-19
452,Profound zero administration synergy,Electronics,This into that. Both deep type pretty color hair increase.,231.73,62,"Nguyen, Martinez and Dennis",2023-10-08
453,Expanded attitude-oriented hub,Sports,It Republican myself leave case find. Recently plant sign responsibility young reality.,499.3,436,Smith-Mills,2024-10-24
454,Stand-alone executive project,Sports,Center respond design cause catch. Task customer world news. Hotel second citizen edge family.,344.62,729,Ellis-Evans,2024-07-22
455,Automated human-resource solution,Electronics,Sense describe often place. Federal environmental Mrs discussion risk. Officer onto five accept.,455.3,920,Turner Ltd,2024-10-08
456,Organized leadingedge capability,Books,Tend nature live example economy whom involve give. The range question accept seem near rock.,44.99,151,Gonzalez LLC,2024-06-11
457,Fundamental mobile open system,Home & Garden,Anyone church tend ok onto. Action firm age somebody trial college our under.,37.51,639,Pierce Ltd,2023-12-30
458,Phased secondary alliance,Books,Loss move make skin any.,318.37,729,Lane-Hull,2023-03-21
459,Vision-oriented leadingedge budgetary management,Books,Together doctor fast TV result easy call gas. Senior certainly own. Media miss data set recognize worry.,165.97,543,Williams Inc,2024-04-11
460,Configurable user-facing project,Books,Hand despite spring total perhaps.,150.97,619,"Owens, Bennett and Brown",2023-08-25
461,Digitized bifurcated budgetary management,Electronics,National three stay above important new Congress. Dog his significant whole notice.,217.95,873,"Scott, Moses and Harris",2023-08-09
462,Seamless encompassing application,Books,Part attorney what. Only husband must owner reduce could. Beat like where collection son.,329.08,738,"Bradley, Rios and Jordan",2023-01-16
463,Programmable bifurcated approach,Sports,Who eight left member soldier shoulder improve. Method buy light two picture newspaper heart.,433.42,462,Martinez-Price,2023-12-04
464,Total 3rdgeneration approach,Sports,Source generation kitchen in. Begin full fear glass feeling world nothing.,444.61,347,Collins-Duncan,2023-05-13
465,Streamlined value-added hub,Sports,Inside east tough past. Some wish soldier pull leader.,414.57,425,Flynn Group,2024-03-03
466,Focused intermediate definition,Home & Garden,Put perhaps same. Themselves notice yeah. Build simply indeed deal traditional position group.,366.16,437,Bryan Inc,2023-03-05
467,Synchronized neutral capacity,Home & Garden,Position summer poor trade appear. Television range amount stop thank human.,159.7,383,Thompson-Pittman,2024-07-27
468,Realigned logistical Graphical User Interface,Sports,Since else value summer. Her none book change region.,477.03,68,Garcia-Garcia,2024-02-29
469,Ergonomic system-worthy core,Electronics,Talk back offer. Or fight year remember.,50.16,95,Williams and Sons,2023-05-24
470,Implemented context-sensitive capacity,Home & Garden,Before yard find write product cover son. Trouble specific performance later season truth.,218.78,831,"Lewis, Brown and Cain",2023-11-30
471,Self-enabling eco-centric capacity,Electronics,"Road behavior turn strong.
Always always than air. Hot answer former possible another.",69.41,600,George-Hardy,2023-12-05
472,Multi-channeled maximized leverage,Books,Find occur while western never beyond. Door authority them side garden door. Energy reflect wife term we image risk.,478.53,337,"Foster, Harvey and Wiggins",2023-08-30
473,Innovative full-range artificial intelligence,Sports,Brother happy cell sea. Either here area ask.,336.66,362,Kemp Ltd,2024-03-19
474,Vision-oriented bifurcated database,Sports,Stuff action including light. Art per put no drop. Partner degree hundred house anything long why way.,437.44,888,"Little, Morris and Smith",2023-01-29
475,Object-based multimedia capability,Electronics,Range enter card wide. House woman imagine author various relationship. Unit push then concern discover measure.,458.34,991,Brady-Sanchez,2023-07-23
476,Inverse fresh-thinking forecast,Home & Garden,Become pretty cause. Wind son positive me nice daughter campaign approach. Then each network minute Republican agency.,147.38,360,"Harris, Kelley and Tran",2023-10-21
477,Triple-buffered incremental knowledge user,Books,Raise adult according war. Maintain foreign system oil important half stop.,56.28,217,Jones Ltd,2023-07-22
478,Managed web-enabled standardization,Sports,Affect technology heart wonder. Beyond special view say. Style these goal a hold under expect.,81.59,229,"Smith, Johnson and Chen",2023-09-22
479,Visionary uniform contingency,Home & Garden,Expect find crime finish produce section. Billion effort water believe stock usually. Present adult point market end.,424.4,865,"Forbes, Guzman and Ramos",2024-07-24
480,Realigned multimedia artificial intelligence,Electronics,Meet one voice sign agent.,280.35,780,"Ford, Briggs and Malone",2024-10-19
481,Compatible fresh-thinking standardization,Clothing,Fast however president relationship behind if. Hard specific wrong catch audience management involve.,142.89,826,Figueroa Inc,2024-09-18
482,Configurable secondary knowledgebase,Books,Election nice yet rather notice benefit onto. Though country may control attack.,217.41,997,"Schneider, Cox and Adams",2023-05-30
483,Open-source system-worthy forecast,Books,Ever quality quickly art common person. Picture station product huge.,384.88,628,"Gonzales, Ward and Preston",2024-03-02
484,Enhanced non-volatile projection,Books,"West rest focus red organization.
News everything value child.",339.11,26,Shannon-Smith,2024-08-12
485,Optional 3rdgeneration moratorium,Home & Garden,Raise chair when administration radio. Order movie instead loss.,306.45,29,Simpson and Sons,2023-08-25
486,Fundamental client-driven flexibility,Home & Garden,Sure middle news various property effect. Once organization my protect yard clearly rate.,94.31,943,Gonzalez-Zuniga,2023-03-28
487,Front-line secondary emulation,Electronics,Party team customer despite education teacher. Positive modern situation just especially develop.,173.21,185,"Wright, Fowler and Gibson",2023-07-08
488,Optional value-added secured line,Books,Order face story here bit partner. Voice though build sea top left place. Evidence along off party.,435.58,673,Brown Group,2023-09-07
489,Sharable full-range groupware,Clothing,Least family easy born three law field. Employee painting painting meet write. We red major man to school middle.,203.39,758,Villanueva Group,2024-09-17
490,Decentralized zero-defect functionalities,Electronics,Yeah cultural personal. Since discover wall very. Seem especially black TV kid.,318.42,93,"Weaver, Miles and Cunningham",2024-03-15
491,Persistent discrete challenge,Clothing,Card street modern perform century miss think red. Such how them behind although condition everybody.,374.33,385,Williams LLC,2023-07-24
492,Synchronized composite intranet,Home & Garden,Free least address bill mean another. Career me compare difference capital political little.,212.82,161,Chandler Group,2024-11-01
493,Focused needs-based complexity,Home & Garden,Keep half old car key body occur. Imagine good reflect feeling hour. Point key to sell party society.,188.18,795,"Martinez, Davis and Jimenez",2024-08-07
494,Ergonomic human-resource throughput,Books,"Drop step ability try myself ask.
Allow sure likely.
Yeah million woman run. Live economic only machine seat.",471.0,86,Baker-Steele,2024-07-18
495,Horizontal zero administration forecast,Clothing,Kitchen trial remember student. Executive just quality rather two. Lay agency understand newspaper.,442.25,161,"Jones, Mason and Jones",2023-03-06
496,Diverse impactful data-warehouse,Electronics,"Term great recent around.
Control none attorney church seven. Child loss pay probably.",378.45,690,"Mendez, Kidd and Garcia",2023-08-14
497,Inverse asymmetric process improvement,Sports,Meet wonder yeah. Go smile from trade energy health.,45.38,677,Rogers and Sons,2024-11-25
498,Universal bottom-line protocol,Books,When collection especially experience. Speak upon personal easy actually office national.,214.89,452,Stevens Group,2024-07-13
499,Devolved composite process improvement,Clothing,Hope mouth design attention play show field. Quickly consumer bag.,210.02,773,Lopez-Howell,2024-02-24
500,User-centric 6thgeneration hardware,Home & Garden,Hot almost accept watch suggest. Front recently main paper ball. Instead thank they almost.,258.61,440,Shea-Wagner,2023-09-06
